-- phpMyAdmin SQL Dump
-- version 5.2.1
-- https://www.phpmyadmin.net/
--
-- Host: 127.0.0.1
-- Generation Time: Dec 25, 2023 at 04:37 AM
-- Server version: 10.4.28-MariaDB
-- PHP Version: 8.1.17

SET SQL_MODE = "NO_AUTO_VALUE_ON_ZERO";
START TRANSACTION;
SET time_zone = "+00:00";


/*!40101 SET @OLD_CHARACTER_SET_CLIENT=@@CHARACTER_SET_CLIENT */;
/*!40101 SET @OLD_CHARACTER_SET_RESULTS=@@CHARACTER_SET_RESULTS */;
/*!40101 SET @OLD_COLLATION_CONNECTION=@@COLLATION_CONNECTION */;
/*!40101 SET NAMES utf8mb4 */;

--
-- Database: `laravel`
--

-- --------------------------------------------------------

--
-- Table structure for table `cart`
--

CREATE TABLE `cart` (
  `id` bigint(20) UNSIGNED NOT NULL,
  `quantity` int(11) NOT NULL,
  `price` decimal(8,2) NOT NULL,
  `user_id` bigint(20) UNSIGNED DEFAULT NULL,
  `product_id` bigint(20) UNSIGNED NOT NULL,
  `created_at` timestamp NULL DEFAULT NULL,
  `updated_at` timestamp NULL DEFAULT NULL
) ENGINE=InnoDB DEFAULT CHARSET=utf8 COLLATE=utf8_general_ci;

--
-- Dumping data for table `cart`
--

INSERT INTO `cart` (`id`, `quantity`, `price`, `user_id`, `product_id`, `created_at`, `updated_at`) VALUES
(208, 1, 20000.00, 5, 9, '2023-12-13 20:53:11', '2023-12-13 20:53:11'),
(211, 2, 30000.00, 5, 16, '2023-12-13 22:43:16', '2023-12-13 22:46:30'),
(212, 1, 30000.00, 5, 8, '2023-12-13 22:46:56', '2023-12-13 22:46:56'),
(276, 1, 30000.00, 1, 18, '2023-12-15 04:31:01', '2023-12-15 04:31:09'),
(768, 1, 30000.00, 2, 8, '2023-12-25 02:01:26', '2023-12-25 02:01:26');

-- --------------------------------------------------------

--
-- Table structure for table `ingredient`
--

CREATE TABLE `ingredient` (
  `id` bigint(20) UNSIGNED NOT NULL,
  `ingredient_name` varchar(255) NOT NULL,
  `quantity` int(11) NOT NULL,
  `unit` varchar(255) NOT NULL DEFAULT 'kg',
  `status` varchar(255) DEFAULT 'active',
  `price` decimal(8,2) NOT NULL,
  `created_at` timestamp NULL DEFAULT NULL,
  `updated_at` timestamp NULL DEFAULT NULL
) ENGINE=InnoDB DEFAULT CHARSET=utf8 COLLATE=utf8_general_ci;

--
-- Dumping data for table `ingredient`
--

INSERT INTO `ingredient` (`id`, `ingredient_name`, `quantity`, `unit`, `status`, `price`, `created_at`, `updated_at`) VALUES
(1, 'cà phê bột', 1, 'kg', 'active', 30000.00, NULL, '2023-12-24 22:22:26'),
(11, 'Trà', 2, 'túi', 'active', 20000.00, '2023-12-02 02:21:45', '2023-12-04 19:08:01'),
(12, 'Đường', 3, 'kg', 'active', 10000.00, '2023-12-02 02:24:38', '2023-12-02 02:24:38'),
(13, 'Socola', 4, 'hộp', 'active', 40000.00, '2023-12-20 01:53:34', '2023-12-20 01:53:34'),
(14, 'Đào', 3, 'kg', 'active', 100000.00, '2023-12-20 02:04:37', '2023-12-20 02:04:37');

-- --------------------------------------------------------

--
-- Table structure for table `invoice`
--

CREATE TABLE `invoice` (
  `id` bigint(20) UNSIGNED NOT NULL,
  `date` date NOT NULL,
  `user_id` bigint(20) UNSIGNED NOT NULL,
  `created_at` timestamp NULL DEFAULT NULL,
  `updated_at` timestamp NULL DEFAULT NULL
) ENGINE=InnoDB DEFAULT CHARSET=utf8 COLLATE=utf8_general_ci;

--
-- Dumping data for table `invoice`
--

INSERT INTO `invoice` (`id`, `date`, `user_id`, `created_at`, `updated_at`) VALUES
(1, '2023-12-09', 5, '2023-12-09 05:12:02', '2023-12-09 05:12:02'),
(2, '2023-12-09', 5, '2023-12-09 05:12:20', '2023-12-09 05:12:20'),
(3, '2023-12-09', 5, '2023-12-09 05:16:58', '2023-12-09 05:16:58'),
(4, '2023-12-09', 5, '2023-12-09 05:24:59', '2023-12-09 05:24:59'),
(5, '2023-12-09', 5, '2023-12-09 05:26:48', '2023-12-09 05:26:48'),
(6, '2023-12-09', 5, '2023-12-09 05:32:40', '2023-12-09 05:32:40'),
(7, '2023-12-09', 5, '2023-12-09 05:39:02', '2023-12-09 05:39:02'),
(8, '2023-12-09', 5, '2023-12-09 05:39:59', '2023-12-09 05:39:59'),
(9, '2023-12-09', 5, '2023-12-09 05:39:59', '2023-12-09 05:39:59'),
(10, '2023-12-09', 5, '2023-12-09 05:39:59', '2023-12-09 05:39:59'),
(11, '2023-12-09', 5, '2023-12-09 05:40:00', '2023-12-09 05:40:00'),
(12, '2023-12-09', 5, '2023-12-09 05:40:00', '2023-12-09 05:40:00'),
(13, '2023-12-09', 5, '2023-12-09 05:40:00', '2023-12-09 05:40:00'),
(14, '2023-12-09', 5, '2023-12-09 05:40:01', '2023-12-09 05:40:01'),
(15, '2023-12-09', 5, '2023-12-09 05:40:01', '2023-12-09 05:40:01'),
(16, '2023-12-09', 5, '2023-12-09 05:40:01', '2023-12-09 05:40:01'),
(17, '2023-12-09', 5, '2023-12-09 05:40:01', '2023-12-09 05:40:01'),
(18, '2023-12-09', 5, '2023-12-09 05:40:02', '2023-12-09 05:40:02'),
(19, '2023-12-09', 5, '2023-12-09 05:40:02', '2023-12-09 05:40:02'),
(20, '2023-12-09', 5, '2023-12-09 05:40:02', '2023-12-09 05:40:02'),
(21, '2023-12-09', 5, '2023-12-09 05:40:02', '2023-12-09 05:40:02'),
(22, '2023-12-09', 5, '2023-12-09 05:40:03', '2023-12-09 05:40:03'),
(23, '2023-12-09', 5, '2023-12-09 05:40:03', '2023-12-09 05:40:03'),
(24, '2023-12-09', 5, '2023-12-09 05:40:03', '2023-12-09 05:40:03'),
(25, '2023-12-09', 5, '2023-12-09 05:40:04', '2023-12-09 05:40:04'),
(26, '2023-12-09', 5, '2023-12-09 05:40:04', '2023-12-09 05:40:04'),
(27, '2023-12-09', 5, '2023-12-09 05:40:04', '2023-12-09 05:40:04'),
(28, '2023-12-09', 5, '2023-12-09 05:40:06', '2023-12-09 05:40:06'),
(29, '2023-12-09', 5, '2023-12-09 05:40:06', '2023-12-09 05:40:06'),
(30, '2023-12-09', 5, '2023-12-09 05:40:07', '2023-12-09 05:40:07'),
(31, '2023-12-09', 5, '2023-12-09 05:40:07', '2023-12-09 05:40:07'),
(32, '2023-12-09', 5, '2023-12-09 05:40:07', '2023-12-09 05:40:07'),
(33, '2023-12-09', 5, '2023-12-09 05:40:08', '2023-12-09 05:40:08'),
(34, '2023-12-09', 5, '2023-12-09 05:40:08', '2023-12-09 05:40:08'),
(35, '2023-12-09', 5, '2023-12-09 05:40:08', '2023-12-09 05:40:08'),
(36, '2023-12-09', 5, '2023-12-09 05:40:09', '2023-12-09 05:40:09'),
(37, '2023-12-09', 5, '2023-12-09 05:40:09', '2023-12-09 05:40:09'),
(38, '2023-12-09', 5, '2023-12-09 05:40:09', '2023-12-09 05:40:09'),
(39, '2023-12-09', 5, '2023-12-09 05:40:10', '2023-12-09 05:40:10'),
(40, '2023-12-09', 5, '2023-12-09 05:40:10', '2023-12-09 05:40:10'),
(41, '2023-12-09', 5, '2023-12-09 05:40:10', '2023-12-09 05:40:10'),
(42, '2023-12-09', 5, '2023-12-09 05:40:10', '2023-12-09 05:40:10'),
(43, '2023-12-09', 5, '2023-12-09 05:40:11', '2023-12-09 05:40:11'),
(44, '2023-12-09', 5, '2023-12-09 05:40:11', '2023-12-09 05:40:11'),
(45, '2023-12-09', 5, '2023-12-09 05:40:11', '2023-12-09 05:40:11'),
(46, '2023-12-09', 5, '2023-12-09 05:40:11', '2023-12-09 05:40:11'),
(47, '2023-12-09', 5, '2023-12-09 05:40:12', '2023-12-09 05:40:12'),
(48, '2023-12-09', 5, '2023-12-09 05:40:26', '2023-12-09 05:40:26'),
(49, '2023-12-09', 5, '2023-12-09 06:00:04', '2023-12-09 06:00:04'),
(50, '2023-12-09', 5, '2023-12-09 06:00:33', '2023-12-09 06:00:33'),
(51, '2023-12-09', 5, '2023-12-09 06:01:39', '2023-12-09 06:01:39'),
(52, '2023-12-09', 5, '2023-12-09 06:02:39', '2023-12-09 06:02:39'),
(53, '2023-12-09', 5, '2023-12-09 06:02:56', '2023-12-09 06:02:56'),
(54, '2023-12-09', 5, '2023-12-09 06:03:04', '2023-12-09 06:03:04'),
(55, '2023-12-09', 5, '2023-12-09 10:16:23', '2023-12-09 10:16:23'),
(56, '2023-12-09', 5, '2023-12-09 10:17:40', '2023-12-09 10:17:40'),
(57, '2023-12-09', 5, '2023-12-09 10:25:57', '2023-12-09 10:25:57'),
(58, '2023-12-09', 5, '2023-12-09 10:29:18', '2023-12-09 10:29:18'),
(59, '2023-12-09', 5, '2023-12-09 10:31:24', '2023-12-09 10:31:24'),
(60, '2023-12-09', 5, '2023-12-09 10:34:36', '2023-12-09 10:34:36'),
(61, '2023-12-09', 5, '2023-12-09 10:47:33', '2023-12-09 10:47:33'),
(62, '2023-12-09', 5, '2023-12-09 10:52:02', '2023-12-09 10:52:02'),
(63, '2023-12-09', 5, '2023-12-09 10:55:19', '2023-12-09 10:55:19'),
(64, '2023-12-09', 5, '2023-12-09 11:02:10', '2023-12-09 11:02:10'),
(65, '2023-12-09', 5, '2023-12-09 11:18:42', '2023-12-09 11:18:42'),
(66, '2023-12-10', 5, '2023-12-09 18:42:30', '2023-12-09 18:42:30'),
(67, '2023-12-10', 5, '2023-12-09 19:13:30', '2023-12-09 19:13:30'),
(68, '2023-12-10', 5, '2023-12-09 19:27:53', '2023-12-09 19:27:53'),
(69, '2023-12-10', 5, '2023-12-09 19:33:17', '2023-12-09 19:33:17'),
(70, '2023-12-10', 5, '2023-12-09 19:41:03', '2023-12-09 19:41:03'),
(71, '2023-12-10', 5, '2023-12-09 19:42:45', '2023-12-09 19:42:45'),
(72, '2023-12-10', 5, '2023-12-09 20:05:15', '2023-12-09 20:05:15'),
(73, '2023-12-10', 5, '2023-12-09 20:19:06', '2023-12-09 20:19:06'),
(74, '2023-12-10', 5, '2023-12-09 20:25:07', '2023-12-09 20:25:07'),
(75, '2023-12-10', 5, '2023-12-09 20:25:53', '2023-12-09 20:25:53'),
(76, '2023-12-10', 5, '2023-12-09 20:45:16', '2023-12-09 20:45:16'),
(77, '2023-12-10', 5, '2023-12-09 20:45:34', '2023-12-09 20:45:34'),
(78, '2023-12-10', 5, '2023-12-09 20:52:21', '2023-12-09 20:52:21'),
(79, '2023-12-10', 5, '2023-12-09 21:00:48', '2023-12-09 21:00:48'),
(80, '2023-12-10', 5, '2023-12-09 21:01:48', '2023-12-09 21:01:48'),
(81, '2023-12-10', 5, '2023-12-09 21:02:19', '2023-12-09 21:02:19'),
(82, '2023-12-10', 5, '2023-12-09 21:06:03', '2023-12-09 21:06:03'),
(83, '2023-12-10', 5, '2023-12-09 21:06:44', '2023-12-09 21:06:44'),
(84, '2023-12-10', 5, '2023-12-09 21:06:49', '2023-12-09 21:06:49'),
(85, '2023-12-10', 5, '2023-12-09 21:06:53', '2023-12-09 21:06:53'),
(86, '2023-12-10', 5, '2023-12-09 21:07:37', '2023-12-09 21:07:37'),
(87, '2023-12-10', 5, '2023-12-09 21:15:13', '2023-12-09 21:15:13'),
(88, '2023-12-10', 5, '2023-12-09 21:16:33', '2023-12-09 21:16:33'),
(89, '2023-12-10', 5, '2023-12-09 21:16:47', '2023-12-09 21:16:47'),
(90, '2023-12-10', 5, '2023-12-09 21:20:14', '2023-12-09 21:20:14'),
(91, '2023-12-10', 5, '2023-12-09 21:20:45', '2023-12-09 21:20:45'),
(92, '2023-12-10', 5, '2023-12-09 21:29:34', '2023-12-09 21:29:34'),
(93, '2023-12-10', 5, '2023-12-09 21:30:55', '2023-12-09 21:30:55'),
(94, '2023-12-10', 5, '2023-12-09 21:37:05', '2023-12-09 21:37:05'),
(95, '2023-12-10', 5, '2023-12-09 21:46:57', '2023-12-09 21:46:57'),
(96, '2023-12-10', 5, '2023-12-09 21:47:50', '2023-12-09 21:47:50'),
(97, '2023-12-10', 5, '2023-12-10 02:05:11', '2023-12-10 02:05:11'),
(98, '2023-12-10', 5, '2023-12-10 02:13:11', '2023-12-10 02:13:11'),
(99, '2023-12-10', 5, '2023-12-10 02:16:36', '2023-12-10 02:16:36'),
(100, '2023-12-10', 5, '2023-12-10 02:21:26', '2023-12-10 02:21:26'),
(101, '2023-12-10', 5, '2023-12-10 02:26:53', '2023-12-10 02:26:53'),
(102, '2023-12-10', 5, '2023-12-10 03:05:58', '2023-12-10 03:05:58'),
(103, '2023-12-10', 5, '2023-12-10 08:42:26', '2023-12-10 08:42:26'),
(104, '2023-12-10', 5, '2023-12-10 09:09:28', '2023-12-10 09:09:28'),
(105, '2023-12-10', 5, '2023-12-10 09:26:37', '2023-12-10 09:26:37'),
(106, '2023-12-10', 5, '2023-12-10 09:40:19', '2023-12-10 09:40:19'),
(107, '2023-12-10', 5, '2023-12-10 09:41:59', '2023-12-10 09:41:59'),
(108, '2023-12-10', 5, '2023-12-10 09:42:16', '2023-12-10 09:42:16'),
(110, '2023-12-11', 5, '2023-12-10 18:15:16', '2023-12-10 18:15:16'),
(111, '2023-12-11', 5, '2023-12-10 18:15:31', '2023-12-10 18:15:31'),
(112, '2023-12-11', 5, '2023-12-10 18:16:28', '2023-12-10 18:16:28'),
(114, '2023-12-11', 5, '2023-12-10 18:50:17', '2023-12-10 18:50:17'),
(117, '2023-12-12', 2, '2023-12-12 07:16:23', '2023-12-12 07:16:23'),
(118, '2023-12-12', 2, '2023-12-12 07:16:43', '2023-12-12 07:16:43'),
(121, '2023-12-12', 2, '2023-12-12 12:07:17', '2023-12-12 12:07:17'),
(122, '2023-12-12', 2, '2023-12-12 12:08:56', '2023-12-12 12:08:56'),
(123, '2023-12-12', 2, '2023-12-12 12:09:00', '2023-12-12 12:09:00'),
(124, '2023-12-12', 2, '2023-12-12 12:09:04', '2023-12-12 12:09:04'),
(125, '2023-12-12', 2, '2023-12-12 12:11:02', '2023-12-12 12:11:02'),
(126, '2023-12-12', 2, '2023-12-12 12:11:05', '2023-12-12 12:11:05'),
(131, '2023-12-13', 2, '2023-12-12 20:15:36', '2023-12-12 20:15:36'),
(134, '2023-12-13', 2, '2023-12-12 20:17:51', '2023-12-12 20:17:51'),
(136, '2023-12-13', 2, '2023-12-12 20:25:55', '2023-12-12 20:25:55'),
(140, '2023-12-13', 2, '2023-12-12 20:48:57', '2023-12-12 20:48:57'),
(143, '2023-12-13', 2, '2023-12-12 20:53:12', '2023-12-12 20:53:12'),
(145, '2023-12-13', 2, '2023-12-12 21:39:44', '2023-12-12 21:39:44'),
(160, '2023-12-13', 2, '2023-12-12 21:53:21', '2023-12-12 21:53:21'),
(163, '2023-12-13', 2, '2023-12-13 05:28:02', '2023-12-13 05:28:02'),
(164, '2023-12-13', 2, '2023-12-13 05:28:12', '2023-12-13 05:28:12'),
(165, '2023-12-13', 2, '2023-12-13 05:28:20', '2023-12-13 05:28:20'),
(166, '2023-12-13', 2, '2023-12-13 06:18:43', '2023-12-13 06:18:43'),
(167, '2023-12-13', 2, '2023-12-13 06:19:04', '2023-12-13 06:19:04'),
(170, '2023-12-13', 2, '2023-12-13 06:20:01', '2023-12-13 06:20:01'),
(171, '2023-12-13', 2, '2023-12-13 06:20:42', '2023-12-13 06:20:42'),
(172, '2023-12-13', 2, '2023-12-13 06:22:02', '2023-12-13 06:22:02'),
(173, '2023-12-13', 2, '2023-12-13 06:22:05', '2023-12-13 06:22:05'),
(174, '2023-12-13', 2, '2023-12-13 06:22:08', '2023-12-13 06:22:08'),
(178, '2023-12-13', 2, '2023-12-13 06:29:54', '2023-12-13 06:29:54'),
(180, '2023-12-13', 2, '2023-12-13 06:30:01', '2023-12-13 06:30:01'),
(183, '2023-12-13', 2, '2023-12-13 06:45:05', '2023-12-13 06:45:05'),
(185, '2023-12-13', 2, '2023-12-13 06:45:28', '2023-12-13 06:45:28'),
(188, '2023-12-13', 2, '2023-12-13 07:06:35', '2023-12-13 07:06:35'),
(190, '2023-12-13', 2, '2023-12-13 07:06:40', '2023-12-13 07:06:40'),
(191, '2023-12-13', 2, '2023-12-13 07:06:42', '2023-12-13 07:06:42'),
(192, '2023-12-13', 2, '2023-12-13 07:19:51', '2023-12-13 07:19:51'),
(193, '2023-12-13', 2, '2023-12-13 07:20:01', '2023-12-13 07:20:01'),
(194, '2023-12-13', 2, '2023-12-13 07:20:06', '2023-12-13 07:20:06'),
(195, '2023-12-13', 2, '2023-12-13 07:20:30', '2023-12-13 07:20:30'),
(198, '2023-12-13', 2, '2023-12-13 07:24:37', '2023-12-13 07:24:37'),
(199, '2023-12-13', 2, '2023-12-13 07:25:03', '2023-12-13 07:25:03'),
(200, '2023-12-13', 2, '2023-12-13 07:25:07', '2023-12-13 07:25:07'),
(201, '2023-12-13', 2, '2023-12-13 07:25:09', '2023-12-13 07:25:09'),
(202, '2023-12-13', 2, '2023-12-13 07:32:23', '2023-12-13 07:32:23'),
(203, '2023-12-13', 2, '2023-12-13 07:32:30', '2023-12-13 07:32:30'),
(204, '2023-12-13', 2, '2023-12-13 07:35:49', '2023-12-13 07:35:49'),
(205, '2023-12-13', 2, '2023-12-13 07:35:56', '2023-12-13 07:35:56'),
(206, '2023-12-13', 2, '2023-12-13 07:35:58', '2023-12-13 07:35:58'),
(207, '2023-12-13', 2, '2023-12-13 07:36:04', '2023-12-13 07:36:04'),
(208, '2023-12-13', 2, '2023-12-13 07:41:35', '2023-12-13 07:41:35'),
(209, '2023-12-13', 2, '2023-12-13 07:45:03', '2023-12-13 07:45:03'),
(210, '2023-12-13', 2, '2023-12-13 07:50:13', '2023-12-13 07:50:13'),
(212, '2023-12-13', 2, '2023-12-13 07:55:51', '2023-12-13 07:55:51'),
(214, '2023-12-13', 2, '2023-12-13 07:58:39', '2023-12-13 07:58:39'),
(216, '2023-12-13', 2, '2023-12-13 07:58:51', '2023-12-13 07:58:51'),
(228, '2023-12-13', 2, '2023-12-13 08:20:46', '2023-12-13 08:20:46'),
(231, '2023-12-13', 2, '2023-12-13 08:31:24', '2023-12-13 08:31:24'),
(237, '2023-12-13', 2, '2023-12-13 16:14:17', '2023-12-13 16:14:17'),
(258, '2023-12-13', 2, '2023-12-13 16:43:51', '2023-12-13 16:43:51'),
(261, '2023-12-13', 2, '2023-12-13 16:46:20', '2023-12-13 16:46:20'),
(264, '2023-12-13', 2, '2023-12-13 16:53:23', '2023-12-13 16:53:23'),
(270, '2023-12-14', 2, '2023-12-13 17:10:55', '2023-12-13 17:10:55'),
(271, '2023-12-14', 2, '2023-12-13 17:11:49', '2023-12-13 17:11:49'),
(272, '2023-12-14', 2, '2023-12-13 17:12:51', '2023-12-13 17:12:51'),
(274, '2023-12-14', 2, '2023-12-13 17:14:29', '2023-12-13 17:14:29'),
(277, '2023-12-14', 2, '2023-12-13 17:25:26', '2023-12-13 17:25:26'),
(280, '2023-12-14', 2, '2023-12-13 17:27:00', '2023-12-13 17:27:00'),
(284, '2023-12-14', 2, '2023-12-13 17:35:55', '2023-12-13 17:35:55'),
(290, '2023-12-14', 2, '2023-12-13 18:10:17', '2023-12-13 18:10:17'),
(298, '2023-12-14', 2, '2023-12-13 19:45:43', '2023-12-13 19:45:43'),
(299, '2023-12-14', 2, '2023-12-13 19:45:52', '2023-12-13 19:45:52'),
(300, '2023-12-14', 2, '2023-12-13 19:45:55', '2023-12-13 19:45:55'),
(301, '2023-12-14', 2, '2023-12-13 19:45:59', '2023-12-13 19:45:59'),
(302, '2023-12-14', 2, '2023-12-13 19:46:06', '2023-12-13 19:46:06'),
(303, '2023-12-14', 2, '2023-12-13 19:48:59', '2023-12-13 19:48:59'),
(304, '2023-12-14', 2, '2023-12-13 19:49:05', '2023-12-13 19:49:05'),
(308, '2023-12-14', 2, '2023-12-13 19:53:02', '2023-12-13 19:53:02'),
(309, '2023-12-14', 5, '2023-12-13 22:15:36', '2023-12-13 22:15:36'),
(310, '2023-12-14', 5, '2023-12-13 22:16:38', '2023-12-13 22:16:38'),
(312, '2023-12-14', 2, '2023-12-13 23:43:42', '2023-12-13 23:43:42'),
(313, '2023-12-14', 2, '2023-12-14 00:21:28', '2023-12-14 00:21:28'),
(314, '2023-12-14', 2, '2023-12-14 00:21:45', '2023-12-14 00:21:45'),
(315, '2023-12-14', 2, '2023-12-14 02:24:29', '2023-12-14 02:24:29'),
(316, '2023-12-14', 2, '2023-12-14 04:09:32', '2023-12-14 04:09:32'),
(317, '2023-12-14', 2, '2023-12-14 14:33:29', '2023-12-14 14:33:29'),
(318, '2023-12-14', 2, '2023-12-14 14:50:53', '2023-12-14 14:50:53'),
(319, '2023-12-14', 2, '2023-12-14 14:51:10', '2023-12-14 14:51:10'),
(320, '2023-12-14', 2, '2023-12-14 14:53:02', '2023-12-14 14:53:02'),
(322, '2023-12-14', 2, '2023-12-14 14:58:28', '2023-12-14 14:58:28'),
(323, '2023-12-14', 2, '2023-12-14 15:00:21', '2023-12-14 15:00:21'),
(324, '2023-12-14', 2, '2023-12-14 15:04:46', '2023-12-14 15:04:46'),
(325, '2023-12-14', 2, '2023-12-14 15:05:06', '2023-12-14 15:05:06'),
(326, '2023-12-14', 2, '2023-12-14 15:05:25', '2023-12-14 15:05:25'),
(327, '2023-12-14', 2, '2023-12-14 15:22:41', '2023-12-14 15:22:41'),
(328, '2023-12-14', 2, '2023-12-14 15:25:00', '2023-12-14 15:25:00'),
(329, '2023-12-14', 2, '2023-12-14 15:26:05', '2023-12-14 15:26:05'),
(332, '2023-12-14', 2, '2023-12-14 15:31:17', '2023-12-14 15:31:17'),
(333, '2023-12-14', 2, '2023-12-14 15:34:42', '2023-12-14 15:34:42'),
(335, '2023-12-14', 2, '2023-12-14 15:37:12', '2023-12-14 15:37:12'),
(336, '2023-12-14', 2, '2023-12-14 15:42:12', '2023-12-14 15:42:12'),
(337, '2023-12-14', 2, '2023-12-14 15:44:31', '2023-12-14 15:44:31'),
(338, '2023-12-14', 2, '2023-12-14 15:44:57', '2023-12-14 15:44:57'),
(339, '2023-12-14', 2, '2023-12-14 16:23:59', '2023-12-14 16:23:59'),
(340, '2023-12-14', 2, '2023-12-14 16:24:11', '2023-12-14 16:24:11'),
(342, '2023-12-14', 2, '2023-12-14 16:24:54', '2023-12-14 16:24:54'),
(343, '2023-12-14', 2, '2023-12-14 16:26:35', '2023-12-14 16:26:35'),
(344, '2023-12-14', 2, '2023-12-14 16:29:24', '2023-12-14 16:29:24'),
(345, '2023-12-14', 2, '2023-12-14 16:31:03', '2023-12-14 16:31:03'),
(346, '2023-12-14', 2, '2023-12-14 16:32:57', '2023-12-14 16:32:57'),
(347, '2023-12-14', 2, '2023-12-14 16:33:05', '2023-12-14 16:33:05'),
(348, '2023-12-14', 2, '2023-12-14 16:48:11', '2023-12-14 16:48:11'),
(349, '2023-12-14', 2, '2023-12-14 16:53:46', '2023-12-14 16:53:46'),
(351, '2023-12-15', 2, '2023-12-14 18:09:52', '2023-12-14 18:09:52'),
(352, '2023-12-15', 2, '2023-12-14 18:10:20', '2023-12-14 18:10:20'),
(353, '2023-12-15', 2, '2023-12-14 18:10:35', '2023-12-14 18:10:35'),
(354, '2023-12-15', 6, '2023-12-14 18:21:38', '2023-12-14 18:21:38'),
(356, '2023-12-15', 2, '2023-12-14 19:34:45', '2023-12-14 19:34:45'),
(357, '2023-12-15', 2, '2023-12-14 19:35:48', '2023-12-14 19:35:48'),
(358, '2023-12-15', 2, '2023-12-14 19:35:56', '2023-12-14 19:35:56'),
(359, '2023-12-15', 2, '2023-12-14 19:36:09', '2023-12-14 19:36:09'),
(360, '2023-12-15', 2, '2023-12-14 19:36:57', '2023-12-14 19:36:57'),
(362, '2023-12-15', 2, '2023-12-14 19:57:12', '2023-12-14 19:57:12'),
(363, '2023-12-15', 2, '2023-12-14 19:57:56', '2023-12-14 19:57:56'),
(364, '2023-12-15', 2, '2023-12-14 20:55:14', '2023-12-14 20:55:14'),
(365, '2023-12-16', 2, '2023-12-16 04:59:04', '2023-12-16 04:59:04'),
(366, '2023-12-16', 2, '2023-12-16 05:06:43', '2023-12-16 05:06:43'),
(367, '2023-12-16', 2, '2023-12-16 05:12:57', '2023-12-16 05:12:57'),
(368, '2023-12-16', 2, '2023-12-16 05:14:00', '2023-12-16 05:14:00'),
(369, '2023-12-16', 2, '2023-12-16 05:16:38', '2023-12-16 05:16:38'),
(370, '2023-12-16', 2, '2023-12-16 05:33:20', '2023-12-16 05:33:20'),
(372, '2023-12-16', 2, '2023-12-16 06:27:06', '2023-12-16 06:27:06'),
(373, '2023-12-16', 2, '2023-12-16 06:27:21', '2023-12-16 06:27:21'),
(374, '2023-12-17', 2, '2023-12-17 03:38:20', '2023-12-17 03:38:20'),
(375, '2023-12-17', 2, '2023-12-17 03:47:56', '2023-12-17 03:47:56'),
(376, '2023-12-17', 2, '2023-12-17 04:32:55', '2023-12-17 04:32:55'),
(377, '2023-12-17', 2, '2023-12-17 04:45:35', '2023-12-17 04:45:35'),
(378, '2023-12-19', 2, '2023-12-18 21:59:25', '2023-12-18 21:59:25'),
(379, '2023-12-19', 2, '2023-12-18 22:57:29', '2023-12-18 22:57:29'),
(380, '2023-12-19', 2, '2023-12-19 02:08:46', '2023-12-19 02:08:46'),
(381, '2023-12-19', 2, '2023-12-19 02:09:04', '2023-12-19 02:09:04'),
(382, '2023-12-19', 2, '2023-12-19 02:11:32', '2023-12-19 02:11:32'),
(383, '2023-12-19', 2, '2023-12-19 02:16:50', '2023-12-19 02:16:50'),
(384, '2023-12-19', 2, '2023-12-19 02:16:57', '2023-12-19 02:16:57'),
(385, '2023-12-19', 2, '2023-12-19 02:17:16', '2023-12-19 02:17:16'),
(386, '2023-12-19', 2, '2023-12-19 02:17:33', '2023-12-19 02:17:33'),
(387, '2023-12-19', 2, '2023-12-19 02:29:51', '2023-12-19 02:29:51'),
(388, '2023-12-19', 2, '2023-12-19 02:30:10', '2023-12-19 02:30:10'),
(389, '2023-12-19', 2, '2023-12-19 02:30:35', '2023-12-19 02:30:35'),
(390, '2023-12-19', 2, '2023-12-19 02:33:00', '2023-12-19 02:33:00'),
(391, '2023-12-19', 2, '2023-12-19 02:33:05', '2023-12-19 02:33:05'),
(392, '2023-12-19', 2, '2023-12-19 02:33:52', '2023-12-19 02:33:52'),
(393, '2023-12-19', 2, '2023-12-19 02:33:59', '2023-12-19 02:33:59'),
(394, '2023-12-19', 2, '2023-12-19 02:34:02', '2023-12-19 02:34:02'),
(395, '2023-12-19', 2, '2023-12-19 02:35:16', '2023-12-19 02:35:16'),
(396, '2023-12-19', 2, '2023-12-19 02:45:03', '2023-12-19 02:45:03'),
(398, '2023-12-19', 2, '2023-12-19 02:45:39', '2023-12-19 02:45:39'),
(399, '2023-12-19', 2, '2023-12-19 02:45:42', '2023-12-19 02:45:42'),
(400, '2023-12-19', 2, '2023-12-19 02:56:27', '2023-12-19 02:56:27'),
(401, '2023-12-19', 2, '2023-12-19 02:59:14', '2023-12-19 02:59:14'),
(403, '2023-12-19', 2, '2023-12-19 03:29:53', '2023-12-19 03:29:53'),
(404, '2023-12-19', 2, '2023-12-19 03:29:58', '2023-12-19 03:29:58'),
(405, '2023-12-19', 2, '2023-12-19 03:32:07', '2023-12-19 03:32:07'),
(406, '2023-12-19', 2, '2023-12-19 03:36:31', '2023-12-19 03:36:31'),
(408, '2023-12-19', 2, '2023-12-19 04:06:17', '2023-12-19 04:06:17'),
(409, '2023-12-19', 2, '2023-12-19 04:07:30', '2023-12-19 04:07:30'),
(410, '2023-12-19', 2, '2023-12-19 04:14:03', '2023-12-19 04:14:03'),
(411, '2023-12-19', 2, '2023-12-19 04:17:52', '2023-12-19 04:17:52'),
(412, '2023-12-19', 2, '2023-12-19 04:17:56', '2023-12-19 04:17:56'),
(413, '2023-12-19', 2, '2023-12-19 04:30:41', '2023-12-19 04:30:41'),
(414, '2023-12-19', 2, '2023-12-19 04:32:10', '2023-12-19 04:32:10'),
(416, '2023-12-19', 2, '2023-12-19 04:39:10', '2023-12-19 04:39:10'),
(419, '2023-12-19', 2, '2023-12-19 05:32:31', '2023-12-19 05:32:31'),
(420, '2023-12-19', 2, '2023-12-19 05:34:17', '2023-12-19 05:34:17'),
(421, '2023-12-19', 2, '2023-12-19 05:38:28', '2023-12-19 05:38:28'),
(422, '2023-12-19', 2, '2023-12-19 05:44:26', '2023-12-19 05:44:26'),
(423, '2023-12-19', 2, '2023-12-19 05:44:33', '2023-12-19 05:44:33'),
(424, '2023-12-19', 2, '2023-12-19 05:57:43', '2023-12-19 05:57:43'),
(425, '2023-12-19', 2, '2023-12-19 05:58:55', '2023-12-19 05:58:55'),
(426, '2023-12-19', 2, '2023-12-19 05:59:15', '2023-12-19 05:59:15'),
(427, '2023-12-19', 2, '2023-12-19 05:59:52', '2023-12-19 05:59:52'),
(428, '2023-12-19', 2, '2023-12-19 07:22:43', '2023-12-19 07:22:43'),
(429, '2023-12-19', 2, '2023-12-19 07:24:45', '2023-12-19 07:24:45'),
(431, '2023-12-19', 2, '2023-12-19 08:06:16', '2023-12-19 08:06:16'),
(432, '2023-12-20', 2, '2023-12-20 01:01:13', '2023-12-20 01:01:13'),
(434, '2023-12-21', 2, '2023-12-20 22:56:31', '2023-12-20 22:56:31'),
(435, '2023-12-21', 2, '2023-12-20 22:58:07', '2023-12-20 22:58:07'),
(436, '2023-12-21', 2, '2023-12-20 22:59:31', '2023-12-20 22:59:31'),
(437, '2023-12-21', 2, '2023-12-20 23:03:49', '2023-12-20 23:03:49'),
(438, '2023-12-21', 2, '2023-12-20 23:05:04', '2023-12-20 23:05:04'),
(439, '2023-12-21', 2, '2023-12-20 23:07:11', '2023-12-20 23:07:11'),
(440, '2023-12-21', 2, '2023-12-20 23:10:11', '2023-12-20 23:10:11'),
(441, '2023-12-21', 2, '2023-12-20 23:16:15', '2023-12-20 23:16:15'),
(442, '2023-12-21', 2, '2023-12-21 01:40:19', '2023-12-21 01:40:19'),
(443, '2023-12-22', 2, '2023-12-21 21:36:26', '2023-12-21 21:36:26'),
(444, '2023-12-22', 2, '2023-12-21 22:52:04', '2023-12-21 22:52:04'),
(445, '2023-12-22', 2, '2023-12-22 00:55:39', '2023-12-22 00:55:39'),
(447, '2023-12-22', 2, '2023-12-22 08:38:41', '2023-12-22 08:38:41'),
(448, '2023-12-22', 2, '2023-12-22 10:23:43', '2023-12-22 10:23:43'),
(449, '2023-12-22', 2, '2023-12-22 10:24:15', '2023-12-22 10:24:15'),
(450, '2023-12-22', 2, '2023-12-22 10:39:18', '2023-12-22 10:39:18'),
(451, '2023-12-22', 2, '2023-12-22 10:58:45', '2023-12-22 10:58:45'),
(452, '2023-12-22', 2, '2023-12-22 11:27:31', '2023-12-22 11:27:31'),
(453, '2023-12-23', 8, '2023-12-23 13:01:15', '2023-12-23 13:01:15'),
(454, '2023-12-24', 8, '2023-12-24 14:54:39', '2023-12-24 14:54:39'),
(455, '2023-12-25', 2, '2023-12-25 01:39:33', '2023-12-25 01:39:33'),
(456, '2023-12-25', 34, '2023-12-25 02:10:24', '2023-12-25 02:10:24');

-- --------------------------------------------------------

--
-- Table structure for table `invoicedetail`
--

CREATE TABLE `invoicedetail` (
  `id` bigint(20) NOT NULL,
  `invoice_id` bigint(20) UNSIGNED NOT NULL,
  `product_id` bigint(20) UNSIGNED NOT NULL,
  `quantity` int(11) NOT NULL,
  `price` decimal(8,2) NOT NULL,
  `total_price` decimal(8,2) NOT NULL,
  `created_at` timestamp NULL DEFAULT NULL,
  `updated_at` timestamp NULL DEFAULT NULL
) ENGINE=InnoDB DEFAULT CHARSET=utf8 COLLATE=utf8_general_ci;

--
-- Dumping data for table `invoicedetail`
--

INSERT INTO `invoicedetail` (`id`, `invoice_id`, `product_id`, `quantity`, `price`, `total_price`, `created_at`, `updated_at`) VALUES
(1, 106, 9, 5, 20000.00, 100000.00, '2023-12-10 09:40:19', '2023-12-10 09:40:19'),
(3, 107, 9, 5, 20000.00, 100000.00, '2023-12-10 09:41:59', '2023-12-10 09:41:59'),
(5, 108, 9, 5, 20000.00, 100000.00, '2023-12-10 09:42:16', '2023-12-10 09:42:16'),
(8, 110, 11, 1, 20000.00, 20000.00, '2023-12-10 18:15:16', '2023-12-10 18:15:16'),
(10, 111, 11, 1, 20000.00, 20000.00, '2023-12-10 18:15:31', '2023-12-10 18:15:31'),
(12, 112, 12, 1, 25000.00, 25000.00, '2023-12-10 18:16:28', '2023-12-10 18:16:28'),
(14, 114, 16, 1, 30000.00, 30000.00, '2023-12-10 18:50:17', '2023-12-10 18:50:17'),
(17, 117, 11, 1, 20000.00, 20000.00, '2023-12-12 07:16:23', '2023-12-12 07:16:23'),
(19, 118, 11, 1, 20000.00, 20000.00, '2023-12-12 07:16:43', '2023-12-12 07:16:43'),
(31, 131, 16, 1, 30000.00, 30000.00, '2023-12-12 20:15:36', '2023-12-12 20:15:36'),
(36, 134, 9, 5, 20000.00, 100000.00, '2023-12-12 20:17:51', '2023-12-12 20:17:51'),
(39, 136, 9, 1, 20000.00, 20000.00, '2023-12-12 20:25:55', '2023-12-12 20:25:55'),
(46, 140, 9, 1, 20000.00, 20000.00, '2023-12-12 20:48:57', '2023-12-12 20:48:57'),
(51, 143, 9, 1, 20000.00, 20000.00, '2023-12-12 20:53:12', '2023-12-12 20:53:12'),
(54, 145, 9, 1, 20000.00, 20000.00, '2023-12-12 21:39:44', '2023-12-12 21:39:44'),
(81, 160, 9, 1, 20000.00, 20000.00, '2023-12-12 21:53:21', '2023-12-12 21:53:21'),
(85, 163, 9, 2, 20000.00, 40000.00, '2023-12-13 05:28:02', '2023-12-13 05:28:02'),
(87, 164, 12, 2, 25000.00, 50000.00, '2023-12-13 05:28:12', '2023-12-13 05:28:12'),
(89, 165, 16, 2, 30000.00, 60000.00, '2023-12-13 05:28:20', '2023-12-13 05:28:20'),
(91, 166, 11, 1, 20000.00, 20000.00, '2023-12-13 06:18:43', '2023-12-13 06:18:43'),
(93, 167, 9, 1, 20000.00, 20000.00, '2023-12-13 06:19:04', '2023-12-13 06:19:04'),
(97, 170, 9, 1, 20000.00, 20000.00, '2023-12-13 06:20:01', '2023-12-13 06:20:01'),
(98, 171, 11, 1, 20000.00, 20000.00, '2023-12-13 06:20:42', '2023-12-13 06:20:42'),
(100, 172, 16, 1, 30000.00, 30000.00, '2023-12-13 06:22:02', '2023-12-13 06:22:02'),
(102, 173, 18, 1, 30000.00, 30000.00, '2023-12-13 06:22:05', '2023-12-13 06:22:05'),
(104, 174, 10, 1, 30000.00, 30000.00, '2023-12-13 06:22:08', '2023-12-13 06:22:08'),
(110, 178, 9, 1, 20000.00, 20000.00, '2023-12-13 06:29:54', '2023-12-13 06:29:54'),
(114, 180, 11, 1, 20000.00, 20000.00, '2023-12-13 06:30:01', '2023-12-13 06:30:01'),
(118, 183, 9, 1, 20000.00, 20000.00, '2023-12-13 06:45:05', '2023-12-13 06:45:05'),
(121, 185, 9, 1, 20000.00, 20000.00, '2023-12-13 06:45:28', '2023-12-13 06:45:28'),
(126, 188, 9, 1, 20000.00, 20000.00, '2023-12-13 07:06:35', '2023-12-13 07:06:35'),
(130, 190, 11, 1, 20000.00, 20000.00, '2023-12-13 07:06:40', '2023-12-13 07:06:40'),
(132, 191, 12, 1, 25000.00, 25000.00, '2023-12-13 07:06:42', '2023-12-13 07:06:42'),
(137, 198, 9, 1, 20000.00, 20000.00, '2023-12-13 07:24:37', '2023-12-13 07:24:37'),
(140, 212, 9, 1, 20000.00, 20000.00, '2023-12-13 07:55:51', '2023-12-13 07:55:51'),
(143, 214, 9, 2, 20000.00, 40000.00, '2023-12-13 07:58:39', '2023-12-13 07:58:39'),
(147, 216, 11, 1, 20000.00, 20000.00, '2023-12-13 07:58:51', '2023-12-13 07:58:51'),
(170, 228, 9, 2, 20000.00, 40000.00, '2023-12-13 08:20:46', '2023-12-13 08:20:46'),
(174, 231, 9, 1, 20000.00, 20000.00, '2023-12-13 08:31:24', '2023-12-13 08:31:24'),
(183, 237, 9, 1, 20000.00, 20000.00, '2023-12-13 16:14:17', '2023-12-13 16:14:17'),
(224, 258, 9, 1, 20000.00, 20000.00, '2023-12-13 16:43:51', '2023-12-13 16:43:51'),
(229, 261, 9, 1, 20000.00, 20000.00, '2023-12-13 16:46:20', '2023-12-13 16:46:20'),
(234, 264, 9, 1, 20000.00, 20000.00, '2023-12-13 16:53:23', '2023-12-13 16:53:23'),
(255, 274, 9, 1, 20000.00, 20000.00, '2023-12-13 17:14:29', '2023-12-13 17:14:29'),
(260, 277, 9, 1, 20000.00, 20000.00, '2023-12-13 17:25:26', '2023-12-13 17:25:26'),
(265, 280, 9, 1, 20000.00, 20000.00, '2023-12-13 17:27:00', '2023-12-13 17:27:00'),
(272, 284, 9, 1, 20000.00, 20000.00, '2023-12-13 17:35:55', '2023-12-13 17:35:55'),
(282, 290, 9, 1, 20000.00, 20000.00, '2023-12-13 18:10:17', '2023-12-13 18:10:17'),
(295, 298, 8, 1, 30000.00, 30000.00, '2023-12-13 19:45:43', '2023-12-13 19:45:43'),
(297, 299, 8, 1, 30000.00, 30000.00, '2023-12-13 19:45:52', '2023-12-13 19:45:52'),
(299, 300, 8, 1, 30000.00, 30000.00, '2023-12-13 19:45:55', '2023-12-13 19:45:55'),
(301, 301, 8, 1, 30000.00, 30000.00, '2023-12-13 19:45:59', '2023-12-13 19:45:59'),
(303, 302, 8, 1, 30000.00, 30000.00, '2023-12-13 19:46:06', '2023-12-13 19:46:06'),
(305, 303, 8, 1, 30000.00, 30000.00, '2023-12-13 19:48:59', '2023-12-13 19:48:59'),
(307, 304, 8, 1, 30000.00, 30000.00, '2023-12-13 19:49:05', '2023-12-13 19:49:05'),
(313, 308, 8, 1, 30000.00, 30000.00, '2023-12-13 19:53:02', '2023-12-13 19:53:02'),
(314, 309, 11, 1, 20000.00, 20000.00, '2023-12-13 22:15:36', '2023-12-13 22:15:36'),
(315, 310, 8, 3, 30000.00, 90000.00, '2023-12-13 22:16:38', '2023-12-13 22:16:38'),
(317, 312, 8, 1, 30000.00, 30000.00, '2023-12-13 23:43:42', '2023-12-13 23:43:42'),
(318, 313, 12, 2, 25000.00, 50000.00, '2023-12-14 00:21:28', '2023-12-14 00:21:28'),
(319, 314, 8, 4, 30000.00, 120000.00, '2023-12-14 00:21:45', '2023-12-14 00:21:45'),
(320, 315, 11, 1, 20000.00, 20000.00, '2023-12-14 02:24:29', '2023-12-14 02:24:29'),
(321, 316, 8, 1, 30000.00, 30000.00, '2023-12-14 04:09:32', '2023-12-14 04:09:32'),
(322, 317, 9, 3, 20000.00, 60000.00, '2023-12-14 14:33:29', '2023-12-14 14:33:29'),
(323, 318, 8, 1, 30000.00, 30000.00, '2023-12-14 14:50:53', '2023-12-14 14:50:53'),
(324, 319, 10, 1, 30000.00, 30000.00, '2023-12-14 14:51:10', '2023-12-14 14:51:10'),
(325, 320, 11, 1, 20000.00, 20000.00, '2023-12-14 14:53:02', '2023-12-14 14:53:02'),
(327, 322, 16, 1, 30000.00, 30000.00, '2023-12-14 14:58:28', '2023-12-14 14:58:28'),
(328, 323, 12, 1, 25000.00, 25000.00, '2023-12-14 15:00:21', '2023-12-14 15:00:21'),
(329, 326, 8, 1, 30000.00, 30000.00, '2023-12-14 15:05:25', '2023-12-14 15:05:25'),
(330, 327, 9, 1, 20000.00, 20000.00, '2023-12-14 15:22:41', '2023-12-14 15:22:41'),
(331, 328, 8, 3, 30000.00, 90000.00, '2023-12-14 15:25:00', '2023-12-14 15:25:00'),
(332, 329, 9, 4, 20000.00, 80000.00, '2023-12-14 15:26:05', '2023-12-14 15:26:05'),
(335, 332, 8, 1, 30000.00, 30000.00, '2023-12-14 15:31:17', '2023-12-14 15:31:17'),
(336, 333, 9, 2, 20000.00, 40000.00, '2023-12-14 15:34:42', '2023-12-14 15:34:42'),
(338, 335, 8, 5, 30000.00, 150000.00, '2023-12-14 15:37:12', '2023-12-14 15:37:12'),
(339, 336, 8, 10, 30000.00, 300000.00, '2023-12-14 15:42:12', '2023-12-14 15:42:12'),
(340, 337, 8, 1, 30000.00, 30000.00, '2023-12-14 15:44:31', '2023-12-14 15:44:31'),
(341, 338, 9, 3, 20000.00, 60000.00, '2023-12-14 15:44:57', '2023-12-14 15:44:57'),
(342, 339, 8, 3, 30000.00, 90000.00, '2023-12-14 16:23:59', '2023-12-14 16:23:59'),
(343, 340, 9, 3, 20000.00, 60000.00, '2023-12-14 16:24:11', '2023-12-14 16:24:11'),
(345, 342, 8, 2, 30000.00, 60000.00, '2023-12-14 16:24:54', '2023-12-14 16:24:54'),
(346, 343, 8, 4, 30000.00, 120000.00, '2023-12-14 16:26:35', '2023-12-14 16:26:35'),
(347, 344, 9, 1, 20000.00, 20000.00, '2023-12-14 16:29:24', '2023-12-14 16:29:24'),
(348, 345, 8, 1, 30000.00, 30000.00, '2023-12-14 16:31:03', '2023-12-14 16:31:03'),
(349, 346, 8, 1, 30000.00, 30000.00, '2023-12-14 16:32:57', '2023-12-14 16:32:57'),
(350, 347, 9, 1, 20000.00, 20000.00, '2023-12-14 16:33:05', '2023-12-14 16:33:05'),
(351, 348, 11, 5, 20000.00, 100000.00, '2023-12-14 16:48:11', '2023-12-14 16:48:11'),
(352, 349, 12, 3, 25000.00, 75000.00, '2023-12-14 16:53:46', '2023-12-14 16:53:46'),
(354, 351, 10, 3, 30000.00, 90000.00, '2023-12-14 18:09:52', '2023-12-14 18:09:52'),
(355, 352, 8, 1, 30000.00, 30000.00, '2023-12-14 18:10:20', '2023-12-14 18:10:20'),
(356, 353, 9, 1, 20000.00, 20000.00, '2023-12-14 18:10:35', '2023-12-14 18:10:35'),
(357, 354, 8, 1, 30000.00, 30000.00, '2023-12-14 18:21:38', '2023-12-14 18:21:38'),
(359, 356, 9, 4, 20000.00, 80000.00, '2023-12-14 19:34:45', '2023-12-14 19:34:45'),
(360, 359, 8, 4, 30000.00, 120000.00, '2023-12-14 19:36:09', '2023-12-14 19:36:09'),
(361, 360, 8, 3, 30000.00, 90000.00, '2023-12-14 19:36:57', '2023-12-14 19:36:57'),
(363, 362, 16, 1, 30000.00, 30000.00, '2023-12-14 19:57:12', '2023-12-14 19:57:12'),
(364, 363, 8, 9, 30000.00, 270000.00, '2023-12-14 19:57:56', '2023-12-14 19:57:56'),
(365, 364, 11, 3, 20000.00, 60000.00, '2023-12-14 20:55:14', '2023-12-14 20:55:14'),
(366, 365, 11, 4, 20000.00, 80000.00, '2023-12-16 04:59:04', '2023-12-16 04:59:04'),
(367, 366, 8, 4, 30000.00, 120000.00, '2023-12-16 05:06:43', '2023-12-16 05:06:43'),
(368, 367, 8, 1, 30000.00, 30000.00, '2023-12-16 05:12:57', '2023-12-16 05:12:57'),
(369, 368, 8, 4, 30000.00, 120000.00, '2023-12-16 05:14:00', '2023-12-16 05:14:00'),
(370, 369, 8, 1, 30000.00, 30000.00, '2023-12-16 05:16:38', '2023-12-16 05:16:38'),
(371, 370, 8, 6, 30000.00, 180000.00, '2023-12-16 05:33:20', '2023-12-16 05:33:20'),
(373, 372, 9, 4, 20000.00, 80000.00, '2023-12-16 06:27:06', '2023-12-16 06:27:06'),
(374, 373, 8, 4, 30000.00, 120000.00, '2023-12-16 06:27:21', '2023-12-16 06:27:21'),
(375, 374, 8, -1, 30000.00, -30000.00, '2023-12-17 03:38:20', '2023-12-17 03:38:20'),
(376, 375, 8, 13, 30000.00, 390000.00, '2023-12-17 03:47:56', '2023-12-17 03:47:56'),
(377, 376, 9, 18, 20000.00, 360000.00, '2023-12-17 04:32:55', '2023-12-17 04:32:55'),
(378, 377, 8, 15, 30000.00, 450000.00, '2023-12-17 04:45:35', '2023-12-17 04:45:35'),
(379, 378, 11, 10, 20000.00, 200000.00, '2023-12-18 21:59:25', '2023-12-18 21:59:25'),
(380, 379, 9, 3, 20000.00, 60000.00, '2023-12-18 22:57:29', '2023-12-18 22:57:29'),
(381, 381, 8, 4, 30000.00, 120000.00, '2023-12-19 02:09:04', '2023-12-19 02:09:04'),
(382, 383, 8, 1, 30000.00, 30000.00, '2023-12-19 02:16:50', '2023-12-19 02:16:50'),
(384, 384, 9, 1, 20000.00, 20000.00, '2023-12-19 02:16:57', '2023-12-19 02:16:57'),
(385, 385, 8, 1, 30000.00, 30000.00, '2023-12-19 02:17:16', '2023-12-19 02:17:16'),
(386, 386, 8, 1, 30000.00, 30000.00, '2023-12-19 02:17:33', '2023-12-19 02:17:33'),
(388, 387, 9, 1, 20000.00, 20000.00, '2023-12-19 02:29:51', '2023-12-19 02:29:51'),
(389, 388, 8, 1, 30000.00, 30000.00, '2023-12-19 02:30:10', '2023-12-19 02:30:10'),
(391, 389, 9, 1, 20000.00, 20000.00, '2023-12-19 02:30:35', '2023-12-19 02:30:35'),
(392, 390, 8, 1, 30000.00, 30000.00, '2023-12-19 02:33:00', '2023-12-19 02:33:00'),
(394, 391, 9, 1, 20000.00, 20000.00, '2023-12-19 02:33:05', '2023-12-19 02:33:05'),
(395, 395, 9, 1, 20000.00, 20000.00, '2023-12-19 02:35:16', '2023-12-19 02:35:16'),
(396, 396, 8, 1, 30000.00, 30000.00, '2023-12-19 02:45:03', '2023-12-19 02:45:03'),
(399, 398, 8, 1, 30000.00, 30000.00, '2023-12-19 02:45:39', '2023-12-19 02:45:39'),
(401, 399, 9, 1, 20000.00, 20000.00, '2023-12-19 02:45:42', '2023-12-19 02:45:42'),
(402, 400, 8, 1, 30000.00, 30000.00, '2023-12-19 02:56:27', '2023-12-19 02:56:27'),
(404, 401, 9, 1, 20000.00, 20000.00, '2023-12-19 02:59:14', '2023-12-19 02:59:14'),
(407, 403, 8, 1, 30000.00, 30000.00, '2023-12-19 03:29:53', '2023-12-19 03:29:53'),
(409, 404, 9, 1, 20000.00, 20000.00, '2023-12-19 03:29:58', '2023-12-19 03:29:58'),
(410, 405, 9, 1, 20000.00, 20000.00, '2023-12-19 03:32:07', '2023-12-19 03:32:07'),
(412, 406, 8, 1, 30000.00, 30000.00, '2023-12-19 03:36:31', '2023-12-19 03:36:31'),
(415, 408, 11, 1, 20000.00, 20000.00, '2023-12-19 04:06:17', '2023-12-19 04:06:17'),
(417, 410, 8, 1, 30000.00, 30000.00, '2023-12-19 04:14:03', '2023-12-19 04:14:03'),
(419, 411, 9, 1, 20000.00, 20000.00, '2023-12-19 04:17:52', '2023-12-19 04:17:52'),
(421, 412, 11, 1, 20000.00, 20000.00, '2023-12-19 04:17:56', '2023-12-19 04:17:56'),
(422, 413, 8, 1, 30000.00, 30000.00, '2023-12-19 04:30:41', '2023-12-19 04:30:41'),
(424, 414, 9, 1, 20000.00, 20000.00, '2023-12-19 04:32:10', '2023-12-19 04:32:10'),
(427, 416, 8, 1, 30000.00, 30000.00, '2023-12-19 04:39:10', '2023-12-19 04:39:10'),
(435, 423, 16, 1, 30000.00, 30000.00, '2023-12-19 05:44:33', '2023-12-19 05:44:33'),
(436, 423, 18, 1, 30000.00, 30000.00, '2023-12-19 05:44:33', '2023-12-19 05:44:33'),
(437, 425, 9, 1, 20000.00, 20000.00, '2023-12-19 05:58:55', '2023-12-19 05:58:55'),
(438, 427, 8, 4, 30000.00, 120000.00, '2023-12-19 05:59:52', '2023-12-19 05:59:52'),
(439, 427, 9, 1, 20000.00, 20000.00, '2023-12-19 05:59:52', '2023-12-19 05:59:52'),
(440, 428, 9, 12, 20000.00, 240000.00, '2023-12-19 07:22:43', '2023-12-19 07:22:43'),
(441, 428, 8, 3, 30000.00, 90000.00, '2023-12-19 07:22:43', '2023-12-19 07:22:43'),
(442, 428, 12, 3, 25000.00, 75000.00, '2023-12-19 07:22:43', '2023-12-19 07:22:43'),
(443, 429, 9, 1, 20000.00, 20000.00, '2023-12-19 07:24:45', '2023-12-19 07:24:45'),
(446, 432, 11, 1, 20000.00, 20000.00, '2023-12-20 01:01:13', '2023-12-20 01:01:13'),
(452, 434, 8, 3, 30000.00, 90000.00, '2023-12-20 22:56:31', '2023-12-20 22:56:31'),
(453, 434, 9, 1, 20000.00, 20000.00, '2023-12-20 22:56:31', '2023-12-20 22:56:31'),
(454, 438, 8, 1, 30000.00, 30000.00, '2023-12-20 23:05:04', '2023-12-20 23:05:04'),
(455, 438, 9, 1, 20000.00, 20000.00, '2023-12-20 23:05:04', '2023-12-20 23:05:04'),
(456, 438, 11, 1, 20000.00, 20000.00, '2023-12-20 23:05:04', '2023-12-20 23:05:04'),
(457, 438, 12, 1, 25000.00, 25000.00, '2023-12-20 23:05:04', '2023-12-20 23:05:04'),
(458, 439, 8, 1, 30000.00, 30000.00, '2023-12-20 23:07:11', '2023-12-20 23:07:11'),
(459, 440, 8, 1, 30000.00, 30000.00, '2023-12-20 23:10:11', '2023-12-20 23:10:11'),
(460, 441, 11, 1, 20000.00, 20000.00, '2023-12-20 23:16:15', '2023-12-20 23:16:15'),
(461, 442, 16, 3, 30000.00, 90000.00, '2023-12-21 01:40:19', '2023-12-21 01:40:19'),
(462, 444, 8, 8, 30000.00, 240000.00, '2023-12-21 22:52:04', '2023-12-21 22:52:04'),
(463, 445, 16, 1, 30000.00, 30000.00, '2023-12-22 00:55:39', '2023-12-22 00:55:39'),
(464, 445, 8, 1, 30000.00, 30000.00, '2023-12-22 00:55:39', '2023-12-22 00:55:39'),
(465, 445, 9, 1, 20000.00, 20000.00, '2023-12-22 00:55:39', '2023-12-22 00:55:39'),
(467, 447, 8, 3, 30000.00, 90000.00, '2023-12-22 08:38:41', '2023-12-22 08:38:41'),
(468, 448, 8, 5, 30000.00, 150000.00, '2023-12-22 10:23:43', '2023-12-22 10:23:43'),
(469, 449, 8, 1, 30000.00, 30000.00, '2023-12-22 10:24:15', '2023-12-22 10:24:15'),
(470, 449, 9, 1, 20000.00, 20000.00, '2023-12-22 10:24:15', '2023-12-22 10:24:15'),
(471, 451, 8, 8, 30000.00, 240000.00, '2023-12-22 10:58:45', '2023-12-22 10:58:45'),
(472, 452, 8, 1, 30000.00, 30000.00, '2023-12-22 11:27:31', '2023-12-22 11:27:31'),
(473, 452, 9, 1, 20000.00, 20000.00, '2023-12-22 11:27:31', '2023-12-22 11:27:31'),
(474, 453, 8, 5, 30000.00, 150000.00, '2023-12-23 13:01:15', '2023-12-23 13:01:15'),
(475, 454, 16, 2, 30000.00, 60000.00, '2023-12-24 14:54:39', '2023-12-24 14:54:39'),
(476, 454, 8, 3, 30000.00, 90000.00, '2023-12-24 14:54:39', '2023-12-24 14:54:39'),
(477, 454, 9, 2, 20000.00, 40000.00, '2023-12-24 14:54:39', '2023-12-24 14:54:39'),
(478, 455, 8, 1, 30000.00, 30000.00, '2023-12-25 01:39:33', '2023-12-25 01:39:33'),
(479, 456, 5, 48, 20000.00, 960000.00, '2023-12-25 02:10:24', '2023-12-25 02:10:24');

-- --------------------------------------------------------

--
-- Table structure for table `migrations`
--

CREATE TABLE `migrations` (
  `id` int(10) UNSIGNED NOT NULL,
  `migration` varchar(255) NOT NULL,
  `batch` int(11) NOT NULL
) ENGINE=InnoDB DEFAULT CHARSET=utf8mb4 COLLATE=utf8mb4_unicode_ci;

--
-- Dumping data for table `migrations`
--

INSERT INTO `migrations` (`id`, `migration`, `batch`) VALUES
(1, '2014_10_12_000000_create_users_table', 1),
(2, '2014_10_12_100000_create_password_reset_tokens_table', 1),
(3, '2019_08_19_000000_create_failed_jobs_table', 1),
(5, '2023_11_28_141223_create_products_table', 1),
(6, '2023_11_28_143619_create_categories_table', 2),
(7, '2023_11_28_151631_create_admins_table', 3),
(8, '2023_11_28_153045_create_khachhangs_table', 4),
(16, '2023_11_28_190107_create_invoice_table', 8),
(17, '2023_11_28_190302_create_invoice_table', 9),
(18, '2023_11_28_193648_create_invoicedetail_table', 10),
(19, '2023_11_28_193904_create_cart_table', 11),
(20, '2023_11_28_193919_create_product_table', 11),
(21, '2019_12_14_000001_create_personal_access_tokens_table', 12),
(22, '2023_11_28_175954_create_admin_table', 12),
(23, '2023_11_28_180012_create_user_table', 12),
(24, '2023_11_28_194828_create_admin_table', 13),
(25, '2023_11_28_194907_create_user_table', 13),
(26, '2023_11_28_194908_create_ingredient_table', 14),
(27, '2023_11_28_195027_create_product_table', 14),
(28, '2023_11_28_195056_create_cart_table', 14),
(29, '2023_11_28_195222_create_invoice_table', 14),
(30, '2023_11_28_195300_create_invoicedetail_table', 14),
(31, '2023_11_28_201522_create_invoice_table', 15),
(32, '2023_11_28_201616_create_invoicedetail_table', 15),
(33, '2023_11_28_203002_create_invoicedetail_table', 16),
(34, '2023_12_04_041140_create_product_ingredient_table', 17),
(35, '2023_12_04_173121_remove_ingredient_id_from_product_table', 18),
(36, '2023_12_04_234217_remove_permission_from_admin_table', 19),
(37, '2023_12_07_072952_modify_cart_table', 20),
(38, '2023_12_08_074035_add_new_column_to_user', 21),
(39, '2023_12_08_074624_create_role_table', 22),
(40, '2023_12_08_074911_create_permission_table', 23);

-- --------------------------------------------------------

--
-- Table structure for table `permission`
--

CREATE TABLE `permission` (
  `id` bigint(20) UNSIGNED NOT NULL,
  `name` varchar(255) NOT NULL,
  `created_at` timestamp NULL DEFAULT NULL,
  `updated_at` timestamp NULL DEFAULT NULL
) ENGINE=InnoDB DEFAULT CHARSET=utf8 COLLATE=utf8_general_ci;

--
-- Dumping data for table `permission`
--

INSERT INTO `permission` (`id`, `name`, `created_at`, `updated_at`) VALUES
(1, 'add', NULL, NULL),
(2, 'delete', NULL, NULL),
(3, 'edit', NULL, NULL);

-- --------------------------------------------------------

--
-- Table structure for table `permission_role`
--

CREATE TABLE `permission_role` (
  `id` bigint(20) NOT NULL,
  `permission_id` bigint(20) NOT NULL,
  `role_id` bigint(20) NOT NULL,
  `created_at` timestamp NULL DEFAULT NULL,
  `updated_at` timestamp NULL DEFAULT NULL
) ENGINE=InnoDB DEFAULT CHARSET=utf8mb4 COLLATE=utf8mb4_general_ci;

--
-- Dumping data for table `permission_role`
--

INSERT INTO `permission_role` (`id`, `permission_id`, `role_id`, `created_at`, `updated_at`) VALUES
(82, 1, 1, NULL, NULL),
(83, 3, 1, NULL, NULL),
(84, 2, 1, NULL, NULL);

-- --------------------------------------------------------

--
-- Table structure for table `product`
--

CREATE TABLE `product` (
  `id` bigint(20) UNSIGNED NOT NULL,
  `product_name` varchar(255) NOT NULL,
  `price` decimal(8,2) NOT NULL,
  `image` varchar(255) NOT NULL,
  `description` text NOT NULL,
  `product_type` varchar(255) NOT NULL DEFAULT 'cà phê',
  `status` varchar(255) DEFAULT 'active',
  `created_at` timestamp NULL DEFAULT NULL,
  `updated_at` timestamp NULL DEFAULT NULL
) ENGINE=InnoDB DEFAULT CHARSET=utf8 COLLATE=utf8_general_ci;

--
-- Dumping data for table `product`
--

INSERT INTO `product` (`id`, `product_name`, `price`, `image`, `description`, `product_type`, `status`, `created_at`, `updated_at`) VALUES
(5, 'trà đào cam', 20000.00, 'backend/img/1701658547.jpg', 'Ngon', 'trà', 'active', '2023-11-30 00:01:52', '2023-12-25 02:17:34'),
(8, 'Bạc xỉu', 30000.00, 'backend/img/1702286066.jpg', 'Bạc xỉu thơm ngon!', 'cà phê', 'active', '2023-11-30 10:53:32', '2023-12-12 10:13:16'),
(9, 'Trà đào', 20000.00, 'backend/img/1701658293.jpg', 'Ngon!', 'trà', 'active', '2023-12-03 19:51:33', '2023-12-03 19:51:33'),
(10, 'Cà phê sữa dừa', 30000.00, 'backend/img/1702288824.jpg', 'Cà phê sữa dừa ngon!', 'cà phê', 'active', '2023-12-03 19:56:46', '2023-12-11 03:00:24'),
(11, 'Cà phê đen', 20000.00, 'backend/img/1703208123.jpg', 'Cà phê đen ngon!', 'cà phê', 'active', '2023-12-03 19:57:51', '2023-12-22 01:22:03'),
(12, 'Trà ổi', 25000.00, 'backend/img/1701659398.jpg', 'Trà ổi thơm ngon!', 'trà', 'active', '2023-12-03 20:09:58', '2023-12-03 20:09:58'),
(13, 'Trà gạo rang machiato', 35000.00, 'backend/img/1701663754.jpg', 'Ngon!', 'trà', 'active', '2023-12-03 21:22:34', '2023-12-03 21:22:34'),
(16, 'Trà Cascara chanh mật ong', 30000.00, 'backend/img/1701714246.jpg', 'Trà Cascara chanh mật ong ngon!', 'trà', 'active', '2023-12-04 11:24:06', '2023-12-04 11:24:06'),
(18, 'Chocolate', 30000.00, 'backend/img/1702385345.jpg', 'Chocolate ngon!', 'cà phê', 'active', '2023-12-12 05:49:05', '2023-12-12 05:49:05');

-- --------------------------------------------------------

--
-- Table structure for table `product_ingredient`
--

CREATE TABLE `product_ingredient` (
  `id` bigint(20) UNSIGNED NOT NULL,
  `product_id` bigint(20) UNSIGNED NOT NULL,
  `ingredient_id` bigint(20) UNSIGNED NOT NULL,
  `created_at` timestamp NULL DEFAULT NULL,
  `updated_at` timestamp NULL DEFAULT NULL
) ENGINE=InnoDB DEFAULT CHARSET=utf8 COLLATE=utf8_general_ci;

--
-- Dumping data for table `product_ingredient`
--

INSERT INTO `product_ingredient` (`id`, `product_id`, `ingredient_id`, `created_at`, `updated_at`) VALUES
(13, 16, 11, NULL, NULL),
(14, 16, 12, NULL, NULL),
(21, 9, 1, NULL, NULL),
(22, 9, 11, NULL, NULL),
(23, 9, 12, NULL, NULL),
(30, 12, 1, NULL, NULL),
(31, 12, 11, NULL, NULL),
(32, 12, 12, NULL, NULL),
(33, 13, 1, NULL, NULL),
(34, 13, 11, NULL, NULL),
(35, 13, 12, NULL, NULL),
(41, 8, 1, NULL, NULL),
(42, 8, 11, NULL, NULL),
(43, 8, 12, NULL, NULL),
(44, 10, 1, NULL, NULL),
(45, 10, 11, NULL, NULL),
(46, 10, 12, NULL, NULL),
(51, 18, 1, NULL, NULL),
(52, 18, 11, NULL, NULL),
(53, 18, 12, NULL, NULL),
(76, 11, 1, NULL, NULL),
(77, 11, 11, NULL, NULL),
(78, 11, 12, NULL, NULL),
(120, 5, 1, NULL, NULL),
(121, 5, 11, NULL, NULL),
(122, 5, 12, NULL, NULL);

-- --------------------------------------------------------

--
-- Table structure for table `role`
--

CREATE TABLE `role` (
  `id` bigint(20) UNSIGNED NOT NULL,
  `name` varchar(255) NOT NULL,
  `created_at` timestamp NULL DEFAULT NULL,
  `updated_at` timestamp NULL DEFAULT NULL
) ENGINE=InnoDB DEFAULT CHARSET=utf8 COLLATE=utf8_general_ci;

--
-- Dumping data for table `role`
--

INSERT INTO `role` (`id`, `name`, `created_at`, `updated_at`) VALUES
(1, 'admin', NULL, NULL),
(2, 'user', NULL, NULL);

-- --------------------------------------------------------

--
-- Table structure for table `role_user`
--

CREATE TABLE `role_user` (
  `id` bigint(20) NOT NULL,
  `user_id` bigint(20) UNSIGNED NOT NULL,
  `role_id` bigint(20) UNSIGNED NOT NULL,
  `created_at` timestamp NULL DEFAULT NULL,
  `updated_at` timestamp NULL DEFAULT NULL
) ENGINE=InnoDB DEFAULT CHARSET=utf8 COLLATE=utf8_general_ci;

--
-- Dumping data for table `role_user`
--

INSERT INTO `role_user` (`id`, `user_id`, `role_id`, `created_at`, `updated_at`) VALUES
(4, 8, 1, NULL, NULL),
(11, 3, 2, NULL, NULL),
(13, 5, 2, NULL, NULL),
(16, 10, 2, NULL, NULL),
(18, 12, 2, NULL, NULL),
(23, 1, 2, NULL, NULL),
(30, 6, 2, NULL, NULL),
(44, 13, 1, NULL, NULL),
(46, 9, 2, NULL, NULL),
(48, 27, 1, NULL, NULL),
(54, 31, 2, NULL, NULL),
(55, 28, 1, NULL, NULL),
(57, 32, 1, NULL, NULL),
(58, 33, 2, NULL, NULL),
(59, 2, 1, NULL, NULL),
(60, 34, 2, NULL, NULL);

-- --------------------------------------------------------

--
-- Table structure for table `user`
--

CREATE TABLE `user` (
  `id` bigint(20) UNSIGNED NOT NULL,
  `user_name` varchar(255) NOT NULL,
  `email` varchar(255) NOT NULL,
  `password` varchar(255) NOT NULL,
  `address` varchar(255) NOT NULL,
  `phone_number` varchar(255) NOT NULL,
  `reset_token_hash` varchar(255) DEFAULT NULL,
  `reset_token_expires_at` date DEFAULT NULL,
  `created_at` timestamp NULL DEFAULT NULL,
  `updated_at` timestamp NULL DEFAULT NULL
) ENGINE=InnoDB DEFAULT CHARSET=utf8 COLLATE=utf8_general_ci;

--
-- Dumping data for table `user`
--

INSERT INTO `user` (`id`, `user_name`, `email`, `password`, `address`, `phone_number`, `reset_token_hash`, `reset_token_expires_at`, `created_at`, `updated_at`) VALUES
(1, 'Phở', 'duc.d.62cntt@ntu.edu.vn', '$2y$12$vSSyUAJjdkWVHEyooZUWgeMd5eVBMOqfIrvDmpHWLsbWfsl25y2MO', 'Nha Trang', '0372718388', NULL, '2023-12-15', '2023-12-02 10:48:16', '2023-12-23 09:00:08'),
(2, 'Phở bò', 'ducdi007@gmail.com', '$2y$12$aP8bBPEXBfzA4KBiHwBTTe0NdAm0PfZxm2xB4a.Kf.XY4gyLYz5ES', 'Nha Trang', '0372718388', NULL, '2023-12-15', '2023-12-03 08:36:54', '2023-12-22 00:59:17'),
(3, 'Hủ tiếu', 'adam037271@gmail.com', '$2y$12$dx7OfoGdmBqL1t2WMGPNUu9qfMGkGnGU0amrU8krOzVx1cg8racsO', 'Nha Trang', '0372718388', '$2y$12$O9Ye0n/0Sr4Jiw3qGZS3o.ff8RI.flL4oBRZMtqb9MnYqEy6oOsTi', '2023-12-15', '2023-12-07 01:32:12', '2023-12-24 09:12:21'),
(5, 'Bún cá', 'ducdi002@gmail.com', '$2y$12$QKB65f1jUYAO2ODVPA4AL.fEuRtD6xoFLUxEVxo/sGs8iTp3cstRC', 'Nha Trang', '0372718388', NULL, NULL, '2023-12-08 06:16:03', '2023-12-08 06:16:03'),
(6, 'đức', 'duc@gmail.com', '$2y$12$ifR9kokDBNyl7Hue67i1aOZcO.yfe7sfXXgEh7plwyKHZGBflppBO', 'Nha Trang', '0372718388', NULL, NULL, '2023-12-14 18:12:37', '2023-12-14 18:12:37'),
(8, 'Hài hước', 'duc01@gmail.com', '$2y$12$hRyGluLMqKfdMrux8B5NYOX3aHqJY2g6bpqNuCMMbv8bGHiVx/esK', 'Nha Trang', '033333333333', NULL, NULL, '2023-12-23 03:15:12', '2023-12-23 03:15:12'),
(9, 'Hai', 'duc009@gmail.com', '$2y$12$dzRYSn1sYPj5XVRbwbxykONTdr3q8AQ.uwFvVNYzSHS/pq6JbnCiW', 'Nha Trang', '03727183', NULL, NULL, '2023-12-23 09:05:43', '2023-12-23 09:05:43'),
(10, 'Đức đẹp trai', 'duc02@gmail.com', '$2y$12$h3t8BVDJjrB0yky06vwEMuzGQ01P2PEuTUddabxPVz/nOX8.Wlzhm', 'Nha Trang', '0372718388', NULL, NULL, '2023-12-24 04:12:06', '2023-12-24 04:12:06'),
(12, 'Đào', 'duc03@gmail.com', '$2y$12$EXJGp2G3VbwU2RatGPEDu.k5lgay9nl/Wnc6WapEpl/2vbU1CJQWy', 'Nha Trang', '0372718388', NULL, NULL, '2023-12-24 04:23:38', '2023-12-24 05:16:54'),
(13, 'Hải', 'duc05@gmail.com', '$2y$12$E53oaBDiSRNH.eCLHP43ueTrAWpbtgIaGvwsZdUOQgBhOEDfiPpTy', 'Khánh Hòa', '03727183', NULL, NULL, '2023-12-24 04:55:13', '2023-12-24 04:55:13'),
(27, 'Phụng', 'duc11@gmail.com', '$2y$12$o.NPhik68jIPYkBEuX6eXeA7INu3mrpKJh34LhARv6YZu//rUvq16', 'Nha Trang', '1111111111', NULL, NULL, '2023-12-24 10:39:34', '2023-12-24 10:39:34'),
(28, 'Phương', 'phuong@gmail.com', '$2y$12$OjPsAEkUIXhMLft0fkYYwufzfWLDQ1KD.ZWWJRd/S8MGX8rjSOZIu', 'Nha Trang', '03727183', NULL, NULL, '2023-12-24 10:53:11', '2023-12-24 10:53:11'),
(31, 'duc01@gmail.com', 'duc011@gmail.com', '$2y$12$h7KPWDrkdgLApdDAaMoKw.aBc8.6lg04elRf6IxUHrfGFW6AtL/R6', 'Nha Trang', '0372718388', NULL, NULL, '2023-12-24 11:23:59', '2023-12-24 11:23:59'),
(32, 'hi', 'sui@gmail.com', '$2y$12$D9FbrfIYusfh5KC50FvRHO3wKeqGtctxfk.pSDHbUMcsqWSFAWA6S', 'Nha Trang', '0372718388', NULL, NULL, '2023-12-24 11:50:49', '2023-12-24 22:16:23'),
(33, 'Phượng Đỏ', 'duc09@gmail.com', '$2y$12$taW6uP3R9jatWuRKH1MApuUUXF3mOmz9CDPgRpkD4EvtFpHsluzB.', 'Nha Trang', '0372718388', NULL, NULL, '2023-12-25 00:41:51', '2023-12-25 00:41:51'),
(34, 'Đức', 'duc113@gmail.com', '$2y$12$Nnb09qYIT.T/g/WnvdxyI.L0ou20mMmJxAwj2vU1dVaAfrRCrOYX6', 'Nha Trang', '0372718388', NULL, NULL, '2023-12-25 02:05:22', '2023-12-25 02:05:22');

--
-- Indexes for dumped tables
--

--
-- Indexes for table `cart`
--
ALTER TABLE `cart`
  ADD PRIMARY KEY (`id`),
  ADD KEY `cart_user_id_foreign` (`user_id`),
  ADD KEY `cart_product_id_foreign` (`product_id`);

--
-- Indexes for table `ingredient`
--
ALTER TABLE `ingredient`
  ADD PRIMARY KEY (`id`);

--
-- Indexes for table `invoice`
--
ALTER TABLE `invoice`
  ADD PRIMARY KEY (`id`),
  ADD KEY `invoice_user_id_foreign` (`user_id`);

--
-- Indexes for table `invoicedetail`
--
ALTER TABLE `invoicedetail`
  ADD PRIMARY KEY (`id`),
  ADD UNIQUE KEY `invoice_id_2` (`invoice_id`,`product_id`),
  ADD KEY `invoicedetail_product_id_foreign` (`product_id`);

--
-- Indexes for table `migrations`
--
ALTER TABLE `migrations`
  ADD PRIMARY KEY (`id`);

--
-- Indexes for table `permission`
--
ALTER TABLE `permission`
  ADD PRIMARY KEY (`id`);

--
-- Indexes for table `permission_role`
--
ALTER TABLE `permission_role`
  ADD PRIMARY KEY (`id`),
  ADD UNIQUE KEY `permission_id` (`permission_id`,`role_id`);

--
-- Indexes for table `product`
--
ALTER TABLE `product`
  ADD PRIMARY KEY (`id`);

--
-- Indexes for table `product_ingredient`
--
ALTER TABLE `product_ingredient`
  ADD PRIMARY KEY (`id`),
  ADD KEY `product_ingredient_product_id_foreign` (`product_id`),
  ADD KEY `product_ingredient_ingredient_id_foreign` (`ingredient_id`);

--
-- Indexes for table `role`
--
ALTER TABLE `role`
  ADD PRIMARY KEY (`id`);

--
-- Indexes for table `role_user`
--
ALTER TABLE `role_user`
  ADD PRIMARY KEY (`id`),
  ADD UNIQUE KEY `user_id` (`user_id`,`role_id`);

--
-- Indexes for table `user`
--
ALTER TABLE `user`
  ADD PRIMARY KEY (`id`),
  ADD UNIQUE KEY `user_email_unique` (`email`);

--
-- AUTO_INCREMENT for dumped tables
--

--
-- AUTO_INCREMENT for table `cart`
--
ALTER TABLE `cart`
  MODIFY `id` bigint(20) UNSIGNED NOT NULL AUTO_INCREMENT, AUTO_INCREMENT=770;

--
-- AUTO_INCREMENT for table `ingredient`
--
ALTER TABLE `ingredient`
  MODIFY `id` bigint(20) UNSIGNED NOT NULL AUTO_INCREMENT, AUTO_INCREMENT=15;

--
-- AUTO_INCREMENT for table `invoice`
--
ALTER TABLE `invoice`
  MODIFY `id` bigint(20) UNSIGNED NOT NULL AUTO_INCREMENT, AUTO_INCREMENT=457;

--
-- AUTO_INCREMENT for table `invoicedetail`
--
ALTER TABLE `invoicedetail`
  MODIFY `id` bigint(20) NOT NULL AUTO_INCREMENT, AUTO_INCREMENT=480;

--
-- AUTO_INCREMENT for table `migrations`
--
ALTER TABLE `migrations`
  MODIFY `id` int(10) UNSIGNED NOT NULL AUTO_INCREMENT, AUTO_INCREMENT=41;

--
-- AUTO_INCREMENT for table `permission`
--
ALTER TABLE `permission`
  MODIFY `id` bigint(20) UNSIGNED NOT NULL AUTO_INCREMENT, AUTO_INCREMENT=4;

--
-- AUTO_INCREMENT for table `permission_role`
--
ALTER TABLE `permission_role`
  MODIFY `id` bigint(20) NOT NULL AUTO_INCREMENT, AUTO_INCREMENT=85;

--
-- AUTO_INCREMENT for table `product`
--
ALTER TABLE `product`
  MODIFY `id` bigint(20) UNSIGNED NOT NULL AUTO_INCREMENT, AUTO_INCREMENT=25;

--
-- AUTO_INCREMENT for table `product_ingredient`
--
ALTER TABLE `product_ingredient`
  MODIFY `id` bigint(20) UNSIGNED NOT NULL AUTO_INCREMENT, AUTO_INCREMENT=123;

--
-- AUTO_INCREMENT for table `role`
--
ALTER TABLE `role`
  MODIFY `id` bigint(20) UNSIGNED NOT NULL AUTO_INCREMENT, AUTO_INCREMENT=3;

--
-- AUTO_INCREMENT for table `role_user`
--
ALTER TABLE `role_user`
  MODIFY `id` bigint(20) NOT NULL AUTO_INCREMENT, AUTO_INCREMENT=61;

--
-- AUTO_INCREMENT for table `user`
--
ALTER TABLE `user`
  MODIFY `id` bigint(20) UNSIGNED NOT NULL AUTO_INCREMENT, AUTO_INCREMENT=35;

--
-- Constraints for dumped tables
--

--
-- Constraints for table `cart`
--
ALTER TABLE `cart`
  ADD CONSTRAINT `cart_product_id_foreign` FOREIGN KEY (`product_id`) REFERENCES `product` (`id`),
  ADD CONSTRAINT `cart_user_id_foreign` FOREIGN KEY (`user_id`) REFERENCES `user` (`id`);

--
-- Constraints for table `invoice`
--
ALTER TABLE `invoice`
  ADD CONSTRAINT `invoice_user_id_foreign` FOREIGN KEY (`user_id`) REFERENCES `user` (`id`);

--
-- Constraints for table `invoicedetail`
--
ALTER TABLE `invoicedetail`
  ADD CONSTRAINT `invoicedetail_invoice_id_foreign` FOREIGN KEY (`invoice_id`) REFERENCES `invoice` (`id`),
  ADD CONSTRAINT `invoicedetail_product_id_foreign` FOREIGN KEY (`product_id`) REFERENCES `product` (`id`);

--
-- Constraints for table `product_ingredient`
--
ALTER TABLE `product_ingredient`
  ADD CONSTRAINT `product_ingredient_ingredient_id_foreign` FOREIGN KEY (`ingredient_id`) REFERENCES `ingredient` (`id`) ON DELETE CASCADE,
  ADD CONSTRAINT `product_ingredient_product_id_foreign` FOREIGN KEY (`product_id`) REFERENCES `product` (`id`) ON DELETE CASCADE;

--
-- Constraints for table `role_user`
--
ALTER TABLE `role_user`
  ADD CONSTRAINT `role_user_user_id_foreign` FOREIGN KEY (`user_id`) REFERENCES `user` (`id`) ON DELETE CASCADE;
COMMIT;

/*!40101 SET CHARACTER_SET_CLIENT=@OLD_CHARACTER_SET_CLIENT */;
/*!40101 SET CHARACTER_SET_RESULTS=@OLD_CHARACTER_SET_RESULTS */;
/*!40101 SET COLLATION_CONNECTION=@OLD_COLLATION_CONNECTION */;
